trace_index,call_type,from,to,value_eth,decoded_input
0,,0xad2cb8f48e74065a0b884af9c5a4ecbba101be23,,0.0,
1,,0x1e2d48e640243b04a9fa76eb49080e9ab110b4ac,,0.0,
2,call,0x1e2d48e640243b04a9fa76eb49080e9ab110b4ac,0xfd9267ee6594bd8e82e8030c353870fa1773f7f8,0.0,start()
3,staticcall,0xfd9267ee6594bd8e82e8030c353870fa1773f7f8,0xc321ac21a07b3d593b269acdace69c3762ca2dd0,0.0,balanceOf(address=0x42a93c3af7cb1bbc757dd2ec4977fd6d7916ba1d)
4,staticcall,0xc321ac21a07b3d593b269acdace69c3762ca2dd0,0x9adb8c52f0d845739fd3e035ed230f0d4cba785a,0.0,earnedToken(address=0x42a93c3af7cb1bbc757dd2ec4977fd6d7916ba1d)
5,delegatecall,0x9adb8c52f0d845739fd3e035ed230f0d4cba785a,0x559bee76ec549e70630e451d46cb442ef5c230fd,0.0,earnedToken(address=0x42a93c3af7cb1bbc757dd2ec4977fd6d7916ba1d)
6,staticcall,0xfd9267ee6594bd8e82e8030c353870fa1773f7f8,0x10ed43c718714eb63d5aa57b78b54704e256024e,0.0,"getAmountsIn(uint256=96605739642631517916080400,address[]=('0xbb4cdb9cbd36b01bd1cbaebf2de08d9173bc095c', '0xc321ac21a07b3d593b269acdace69c3762ca2dd0'))"
7,staticcall,0x10ed43c718714eb63d5aa57b78b54704e256024e,0x42a93c3af7cb1bbc757dd2ec4977fd6d7916ba1d,0.0,getReserves()
8,call,0xfd9267ee6594bd8e82e8030c353870fa1773f7f8,0x172fcd41e0913e95784454622d1c3724f546f849,0.0,"flash(address=0xfd9267ee6594bd8e82e8030c353870fa1773f7f8,uint256=0,uint256=2813769505544453342436,bytes=0x00000000000000000000000000000000000000000000009888e5694d8ba9c4e4)"
9,staticcall,0x172fcd41e0913e95784454622d1c3724f546f849,0x55d398326f99059ff775485246999027b3197955,0.0,balanceOf(address=0x172fcd41e0913e95784454622d1c3724f546f849)
10,staticcall,0x172fcd41e0913e95784454622d1c3724f546f849,0xbb4cdb9cbd36b01bd1cbaebf2de08d9173bc095c,0.0,balanceOf(address=0x172fcd41e0913e95784454622d1c3724f546f849)
11,call,0x172fcd41e0913e95784454622d1c3724f546f849,0xbb4cdb9cbd36b01bd1cbaebf2de08d9173bc095c,0.0,"transfer(address=0xfd9267ee6594bd8e82e8030c353870fa1773f7f8,uint256=2813769505544453342436)"
12,call,0x172fcd41e0913e95784454622d1c3724f546f849,0xfd9267ee6594bd8e82e8030c353870fa1773f7f8,0.0,"pancakeV3FlashCallback(uint256=0,uint256=281376950554445335,bytes=0x00000000000000000000000000000000000000000000009888e5694d8ba9c4e4)"
13,call,0xfd9267ee6594bd8e82e8030c353870fa1773f7f8,0xbb4cdb9cbd36b01bd1cbaebf2de08d9173bc095c,0.0,"approve(address=0x10ed43c718714eb63d5aa57b78b54704e256024e,uint256=115792089237316195423570985008687907853269984665640564039457584007913129639935)"
14,staticcall,0xfd9267ee6594bd8e82e8030c353870fa1773f7f8,0x10ed43c718714eb63d5aa57b78b54704e256024e,0.0,"getAmountsOut(uint256=2813769505544453342436,address[]=('0xbb4cdb9cbd36b01bd1cbaebf2de08d9173bc095c', '0xc321ac21a07b3d593b269acdace69c3762ca2dd0'))"
15,staticcall,0x10ed43c718714eb63d5aa57b78b54704e256024e,0x42a93c3af7cb1bbc757dd2ec4977fd6d7916ba1d,0.0,getReserves()
16,call,0xfd9267ee6594bd8e82e8030c353870fa1773f7f8,0x42a93c3af7cb1bbc757dd2ec4977fd6d7916ba1d,0.0,"swap(uint256=0,uint256=96605739642631517916080650,address=0xfd9267ee6594bd8e82e8030c353870fa1773f7f8,bytes=0x00000000000000000000000000000000000000000000009888e5694d8ba9c4e4)"
17,call,0x42a93c3af7cb1bbc757dd2ec4977fd6d7916ba1d,0xc321ac21a07b3d593b269acdace69c3762ca2dd0,0.0,"transfer(address=0xfd9267ee6594bd8e82e8030c353870fa1773f7f8,uint256=96605739642631517916080650)"
18,call,0xc321ac21a07b3d593b269acdace69c3762ca2dd0,0x9adb8c52f0d845739fd3e035ed230f0d4cba785a,0.0,takeToken(address=0x42a93c3af7cb1bbc757dd2ec4977fd6d7916ba1d)
19,delegatecall,0x9adb8c52f0d845739fd3e035ed230f0d4cba785a,0x559bee76ec549e70630e451d46cb442ef5c230fd,0.0,takeToken(address=0x42a93c3af7cb1bbc757dd2ec4977fd6d7916ba1d)
20,call,0xc321ac21a07b3d593b269acdace69c3762ca2dd0,0x9adb8c52f0d845739fd3e035ed230f0d4cba785a,0.0,takeToken(address=0xfd9267ee6594bd8e82e8030c353870fa1773f7f8)
21,delegatecall,0x9adb8c52f0d845739fd3e035ed230f0d4cba785a,0x559bee76ec549e70630e451d46cb442ef5c230fd,0.0,takeToken(address=0xfd9267ee6594bd8e82e8030c353870fa1773f7f8)
22,staticcall,0xc321ac21a07b3d593b269acdace69c3762ca2dd0,0x42a93c3af7cb1bbc757dd2ec4977fd6d7916ba1d,0.0,getReserves()
23,staticcall,0xc321ac21a07b3d593b269acdace69c3762ca2dd0,0x10ed43c718714eb63d5aa57b78b54704e256024e,0.0,WETH()
24,staticcall,0xc321ac21a07b3d593b269acdace69c3762ca2dd0,0xbb4cdb9cbd36b01bd1cbaebf2de08d9173bc095c,0.0,balanceOf(address=0x42a93c3af7cb1bbc757dd2ec4977fd6d7916ba1d)
25,call,0x42a93c3af7cb1bbc757dd2ec4977fd6d7916ba1d,0xfd9267ee6594bd8e82e8030c353870fa1773f7f8,0.0,"pancakeCall(address=0xfd9267ee6594bd8e82e8030c353870fa1773f7f8,uint256=0,uint256=96605739642631517916080650,bytes=0x00000000000000000000000000000000000000000000009888e5694d8ba9c4e4)"
26,call,0xfd9267ee6594bd8e82e8030c353870fa1773f7f8,0xbb4cdb9cbd36b01bd1cbaebf2de08d9173bc095c,0.0,"transfer(address=0x42a93c3af7cb1bbc757dd2ec4977fd6d7916ba1d,uint256=2813769505544453342436)"
27,staticcall,0x42a93c3af7cb1bbc757dd2ec4977fd6d7916ba1d,0xbb4cdb9cbd36b01bd1cbaebf2de08d9173bc095c,0.0,balanceOf(address=0x42a93c3af7cb1bbc757dd2ec4977fd6d7916ba1d)
28,staticcall,0x42a93c3af7cb1bbc757dd2ec4977fd6d7916ba1d,0xc321ac21a07b3d593b269acdace69c3762ca2dd0,0.0,balanceOf(address=0x42a93c3af7cb1bbc757dd2ec4977fd6d7916ba1d)
29,staticcall,0xc321ac21a07b3d593b269acdace69c3762ca2dd0,0x9adb8c52f0d845739fd3e035ed230f0d4cba785a,0.0,earnedToken(address=0x42a93c3af7cb1bbc757dd2ec4977fd6d7916ba1d)
30,delegatecall,0x9adb8c52f0d845739fd3e035ed230f0d4cba785a,0x559bee76ec549e70630e451d46cb442ef5c230fd,0.0,earnedToken(address=0x42a93c3af7cb1bbc757dd2ec4977fd6d7916ba1d)
31,staticcall,0xfd9267ee6594bd8e82e8030c353870fa1773f7f8,0xc321ac21a07b3d593b269acdace69c3762ca2dd0,0.0,balanceOf(address=0x42a93c3af7cb1bbc757dd2ec4977fd6d7916ba1d)
32,staticcall,0xc321ac21a07b3d593b269acdace69c3762ca2dd0,0x9adb8c52f0d845739fd3e035ed230f0d4cba785a,0.0,earnedToken(address=0x42a93c3af7cb1bbc757dd2ec4977fd6d7916ba1d)
33,delegatecall,0x9adb8c52f0d845739fd3e035ed230f0d4cba785a,0x559bee76ec549e70630e451d46cb442ef5c230fd,0.0,earnedToken(address=0x42a93c3af7cb1bbc757dd2ec4977fd6d7916ba1d)
34,call,0xfd9267ee6594bd8e82e8030c353870fa1773f7f8,0xc321ac21a07b3d593b269acdace69c3762ca2dd0,0.0,"transfer(address=0xc321ac21a07b3d593b269acdace69c3762ca2dd0,uint256=10733970071403501990675973)"
35,call,0xc321ac21a07b3d593b269acdace69c3762ca2dd0,0x9adb8c52f0d845739fd3e035ed230f0d4cba785a,0.0,takeToken(address=0xfd9267ee6594bd8e82e8030c353870fa1773f7f8)
36,delegatecall,0x9adb8c52f0d845739fd3e035ed230f0d4cba785a,0x559bee76ec549e70630e451d46cb442ef5c230fd,0.0,takeToken(address=0xfd9267ee6594bd8e82e8030c353870fa1773f7f8)
37,call,0xc321ac21a07b3d593b269acdace69c3762ca2dd0,0x9adb8c52f0d845739fd3e035ed230f0d4cba785a,0.0,takeToken(address=0xc321ac21a07b3d593b269acdace69c3762ca2dd0)
38,delegatecall,0x9adb8c52f0d845739fd3e035ed230f0d4cba785a,0x559bee76ec549e70630e451d46cb442ef5c230fd,0.0,takeToken(address=0xc321ac21a07b3d593b269acdace69c3762ca2dd0)
39,staticcall,0xc321ac21a07b3d593b269acdace69c3762ca2dd0,0xc321ac21a07b3d593b269acdace69c3762ca2dd0,0.0,balanceOf(address=0x42a93c3af7cb1bbc757dd2ec4977fd6d7916ba1d)
40,staticcall,0xc321ac21a07b3d593b269acdace69c3762ca2dd0,0x9adb8c52f0d845739fd3e035ed230f0d4cba785a,0.0,earnedToken(address=0x42a93c3af7cb1bbc757dd2ec4977fd6d7916ba1d)
41,delegatecall,0x9adb8c52f0d845739fd3e035ed230f0d4cba785a,0x559bee76ec549e70630e451d46cb442ef5c230fd,0.0,earnedToken(address=0x42a93c3af7cb1bbc757dd2ec4977fd6d7916ba1d)
42,staticcall,0xc321ac21a07b3d593b269acdace69c3762ca2dd0,0xc321ac21a07b3d593b269acdace69c3762ca2dd0,0.0,balanceOf(address=0x000000000000000000000000000000000000dead)
43,staticcall,0xc321ac21a07b3d593b269acdace69c3762ca2dd0,0x9adb8c52f0d845739fd3e035ed230f0d4cba785a,0.0,earnedToken(address=0x000000000000000000000000000000000000dead)
44,delegatecall,0x9adb8c52f0d845739fd3e035ed230f0d4cba785a,0x559bee76ec549e70630e451d46cb442ef5c230fd,0.0,earnedToken(address=0x000000000000000000000000000000000000dead)
45,staticcall,0xc321ac21a07b3d593b269acdace69c3762ca2dd0,0xc321ac21a07b3d593b269acdace69c3762ca2dd0,0.0,totalSupply()
46,staticcall,0xc321ac21a07b3d593b269acdace69c3762ca2dd0,0xc321ac21a07b3d593b269acdace69c3762ca2dd0,0.0,balanceOf(address=0x42a93c3af7cb1bbc757dd2ec4977fd6d7916ba1d)
47,staticcall,0xc321ac21a07b3d593b269acdace69c3762ca2dd0,0x9adb8c52f0d845739fd3e035ed230f0d4cba785a,0.0,earnedToken(address=0x42a93c3af7cb1bbc757dd2ec4977fd6d7916ba1d)
48,delegatecall,0x9adb8c52f0d845739fd3e035ed230f0d4cba785a,0x559bee76ec549e70630e451d46cb442ef5c230fd,0.0,earnedToken(address=0x42a93c3af7cb1bbc757dd2ec4977fd6d7916ba1d)
49,call,0xc321ac21a07b3d593b269acdace69c3762ca2dd0,0x1e619dbea18f5e0e66d1c2df3f14416d3c804809,0.0,
50,call,0xc321ac21a07b3d593b269acdace69c3762ca2dd0,0x42a93c3af7cb1bbc757dd2ec4977fd6d7916ba1d,0.0,sync()
51,staticcall,0x42a93c3af7cb1bbc757dd2ec4977fd6d7916ba1d,0xbb4cdb9cbd36b01bd1cbaebf2de08d9173bc095c,0.0,balanceOf(address=0x42a93c3af7cb1bbc757dd2ec4977fd6d7916ba1d)
52,staticcall,0x42a93c3af7cb1bbc757dd2ec4977fd6d7916ba1d,0xc321ac21a07b3d593b269acdace69c3762ca2dd0,0.0,balanceOf(address=0x42a93c3af7cb1bbc757dd2ec4977fd6d7916ba1d)
53,staticcall,0xc321ac21a07b3d593b269acdace69c3762ca2dd0,0x9adb8c52f0d845739fd3e035ed230f0d4cba785a,0.0,earnedToken(address=0x42a93c3af7cb1bbc757dd2ec4977fd6d7916ba1d)
54,delegatecall,0x9adb8c52f0d845739fd3e035ed230f0d4cba785a,0x559bee76ec549e70630e451d46cb442ef5c230fd,0.0,earnedToken(address=0x42a93c3af7cb1bbc757dd2ec4977fd6d7916ba1d)
55,call,0xc321ac21a07b3d593b269acdace69c3762ca2dd0,0x9adb8c52f0d845739fd3e035ed230f0d4cba785a,0.0,
56,delegatecall,0x9adb8c52f0d845739fd3e035ed230f0d4cba785a,0x559bee76ec549e70630e451d46cb442ef5c230fd,0.0,
57,call,0x9adb8c52f0d845739fd3e035ed230f0d4cba785a,0xc321ac21a07b3d593b269acdace69c3762ca2dd0,0.0,"approve(address=0x10ed43c718714eb63d5aa57b78b54704e256024e,uint256=3864229225705260716643350)"
58,staticcall,0x9adb8c52f0d845739fd3e035ed230f0d4cba785a,0x10ed43c718714eb63d5aa57b78b54704e256024e,0.0,WETH()
59,call,0x9adb8c52f0d845739fd3e035ed230f0d4cba785a,0x10ed43c718714eb63d5aa57b78b54704e256024e,0.0,"swapExactTokensForETHSupportingFeeOnTransferTokens(uint256=3864229225705260716643350,uint256=0,address[]=('0xc321ac21a07b3d593b269acdace69c3762ca2dd0', '0xbb4cdb9cbd36b01bd1cbaebf2de08d9173bc095c'),address=0xfd9267ee6594bd8e82e8030c353870fa1773f7f8,uint256=1751728596)"
60,call,0x10ed43c718714eb63d5aa57b78b54704e256024e,0xc321ac21a07b3d593b269acdace69c3762ca2dd0,0.0,"transferFrom(address=0x9adb8c52f0d845739fd3e035ed230f0d4cba785a,address=0x42a93c3af7cb1bbc757dd2ec4977fd6d7916ba1d,uint256=3864229225705260716643350)"
61,call,0xc321ac21a07b3d593b269acdace69c3762ca2dd0,0x9adb8c52f0d845739fd3e035ed230f0d4cba785a,0.0,takeToken(address=0x9adb8c52f0d845739fd3e035ed230f0d4cba785a)
62,delegatecall,0x9adb8c52f0d845739fd3e035ed230f0d4cba785a,0x559bee76ec549e70630e451d46cb442ef5c230fd,0.0,takeToken(address=0x9adb8c52f0d845739fd3e035ed230f0d4cba785a)
63,call,0xc321ac21a07b3d593b269acdace69c3762ca2dd0,0x9adb8c52f0d845739fd3e035ed230f0d4cba785a,0.0,takeToken(address=0x42a93c3af7cb1bbc757dd2ec4977fd6d7916ba1d)
64,delegatecall,0x9adb8c52f0d845739fd3e035ed230f0d4cba785a,0x559bee76ec549e70630e451d46cb442ef5c230fd,0.0,takeToken(address=0x42a93c3af7cb1bbc757dd2ec4977fd6d7916ba1d)
65,staticcall,0xc321ac21a07b3d593b269acdace69c3762ca2dd0,0x42a93c3af7cb1bbc757dd2ec4977fd6d7916ba1d,0.0,getReserves()
66,staticcall,0xc321ac21a07b3d593b269acdace69c3762ca2dd0,0x10ed43c718714eb63d5aa57b78b54704e256024e,0.0,WETH()
67,staticcall,0xc321ac21a07b3d593b269acdace69c3762ca2dd0,0xbb4cdb9cbd36b01bd1cbaebf2de08d9173bc095c,0.0,balanceOf(address=0x42a93c3af7cb1bbc757dd2ec4977fd6d7916ba1d)
68,staticcall,0xc321ac21a07b3d593b269acdace69c3762ca2dd0,0x42a93c3af7cb1bbc757dd2ec4977fd6d7916ba1d,0.0,getReserves()
69,staticcall,0xc321ac21a07b3d593b269acdace69c3762ca2dd0,0x10ed43c718714eb63d5aa57b78b54704e256024e,0.0,WETH()
70,staticcall,0xc321ac21a07b3d593b269acdace69c3762ca2dd0,0xbb4cdb9cbd36b01bd1cbaebf2de08d9173bc095c,0.0,balanceOf(address=0x42a93c3af7cb1bbc757dd2ec4977fd6d7916ba1d)
71,staticcall,0x10ed43c718714eb63d5aa57b78b54704e256024e,0x42a93c3af7cb1bbc757dd2ec4977fd6d7916ba1d,0.0,getReserves()
72,staticcall,0x10ed43c718714eb63d5aa57b78b54704e256024e,0xc321ac21a07b3d593b269acdace69c3762ca2dd0,0.0,balanceOf(address=0x42a93c3af7cb1bbc757dd2ec4977fd6d7916ba1d)
73,staticcall,0xc321ac21a07b3d593b269acdace69c3762ca2dd0,0x9adb8c52f0d845739fd3e035ed230f0d4cba785a,0.0,earnedToken(address=0x42a93c3af7cb1bbc757dd2ec4977fd6d7916ba1d)
74,delegatecall,0x9adb8c52f0d845739fd3e035ed230f0d4cba785a,0x559bee76ec549e70630e451d46cb442ef5c230fd,0.0,earnedToken(address=0x42a93c3af7cb1bbc757dd2ec4977fd6d7916ba1d)
75,call,0x10ed43c718714eb63d5aa57b78b54704e256024e,0x42a93c3af7cb1bbc757dd2ec4977fd6d7916ba1d,0.0,"swap(uint256=3125628148186415440634,uint256=0,address=0x10ed43c718714eb63d5aa57b78b54704e256024e,bytes=0x)"
76,call,0x42a93c3af7cb1bbc757dd2ec4977fd6d7916ba1d,0xbb4cdb9cbd36b01bd1cbaebf2de08d9173bc095c,0.0,"transfer(address=0x10ed43c718714eb63d5aa57b78b54704e256024e,uint256=3125628148186415440634)"
77,staticcall,0x42a93c3af7cb1bbc757dd2ec4977fd6d7916ba1d,0xbb4cdb9cbd36b01bd1cbaebf2de08d9173bc095c,0.0,balanceOf(address=0x42a93c3af7cb1bbc757dd2ec4977fd6d7916ba1d)
78,staticcall,0x42a93c3af7cb1bbc757dd2ec4977fd6d7916ba1d,0xc321ac21a07b3d593b269acdace69c3762ca2dd0,0.0,balanceOf(address=0x42a93c3af7cb1bbc757dd2ec4977fd6d7916ba1d)
79,staticcall,0xc321ac21a07b3d593b269acdace69c3762ca2dd0,0x9adb8c52f0d845739fd3e035ed230f0d4cba785a,0.0,earnedToken(address=0x42a93c3af7cb1bbc757dd2ec4977fd6d7916ba1d)
80,delegatecall,0x9adb8c52f0d845739fd3e035ed230f0d4cba785a,0x559bee76ec549e70630e451d46cb442ef5c230fd,0.0,earnedToken(address=0x42a93c3af7cb1bbc757dd2ec4977fd6d7916ba1d)
81,staticcall,0x10ed43c718714eb63d5aa57b78b54704e256024e,0xbb4cdb9cbd36b01bd1cbaebf2de08d9173bc095c,0.0,balanceOf(address=0x10ed43c718714eb63d5aa57b78b54704e256024e)
82,call,0x10ed43c718714eb63d5aa57b78b54704e256024e,0xbb4cdb9cbd36b01bd1cbaebf2de08d9173bc095c,0.0,withdraw(uint256=3125628148186415440634)
83,call,0xbb4cdb9cbd36b01bd1cbaebf2de08d9173bc095c,0x10ed43c718714eb63d5aa57b78b54704e256024e,3125.6281481864153,
84,call,0x10ed43c718714eb63d5aa57b78b54704e256024e,0xfd9267ee6594bd8e82e8030c353870fa1773f7f8,3125.6281481864153,
85,call,0x9adb8c52f0d845739fd3e035ed230f0d4cba785a,0xc321ac21a07b3d593b269acdace69c3762ca2dd0,0.0,"transfer(address=0xfd9267ee6594bd8e82e8030c353870fa1773f7f8,uint256=5903683539271926094871785)"
86,call,0xc321ac21a07b3d593b269acdace69c3762ca2dd0,0x9adb8c52f0d845739fd3e035ed230f0d4cba785a,0.0,takeToken(address=0x9adb8c52f0d845739fd3e035ed230f0d4cba785a)
87,delegatecall,0x9adb8c52f0d845739fd3e035ed230f0d4cba785a,0x559bee76ec549e70630e451d46cb442ef5c230fd,0.0,takeToken(address=0x9adb8c52f0d845739fd3e035ed230f0d4cba785a)
88,call,0xc321ac21a07b3d593b269acdace69c3762ca2dd0,0x9adb8c52f0d845739fd3e035ed230f0d4cba785a,0.0,takeToken(address=0xfd9267ee6594bd8e82e8030c353870fa1773f7f8)
89,delegatecall,0x9adb8c52f0d845739fd3e035ed230f0d4cba785a,0x559bee76ec549e70630e451d46cb442ef5c230fd,0.0,takeToken(address=0xfd9267ee6594bd8e82e8030c353870fa1773f7f8)
90,staticcall,0xc321ac21a07b3d593b269acdace69c3762ca2dd0,0xc321ac21a07b3d593b269acdace69c3762ca2dd0,0.0,balanceOf(address=0x42a93c3af7cb1bbc757dd2ec4977fd6d7916ba1d)
91,staticcall,0xc321ac21a07b3d593b269acdace69c3762ca2dd0,0x9adb8c52f0d845739fd3e035ed230f0d4cba785a,0.0,earnedToken(address=0x42a93c3af7cb1bbc757dd2ec4977fd6d7916ba1d)
92,delegatecall,0x9adb8c52f0d845739fd3e035ed230f0d4cba785a,0x559bee76ec549e70630e451d46cb442ef5c230fd,0.0,earnedToken(address=0x42a93c3af7cb1bbc757dd2ec4977fd6d7916ba1d)
93,staticcall,0xc321ac21a07b3d593b269acdace69c3762ca2dd0,0xc321ac21a07b3d593b269acdace69c3762ca2dd0,0.0,balanceOf(address=0x000000000000000000000000000000000000dead)
94,staticcall,0xc321ac21a07b3d593b269acdace69c3762ca2dd0,0x9adb8c52f0d845739fd3e035ed230f0d4cba785a,0.0,earnedToken(address=0x000000000000000000000000000000000000dead)
95,delegatecall,0x9adb8c52f0d845739fd3e035ed230f0d4cba785a,0x559bee76ec549e70630e451d46cb442ef5c230fd,0.0,earnedToken(address=0x000000000000000000000000000000000000dead)
96,staticcall,0xc321ac21a07b3d593b269acdace69c3762ca2dd0,0xc321ac21a07b3d593b269acdace69c3762ca2dd0,0.0,totalSupply()
97,call,0x9adb8c52f0d845739fd3e035ed230f0d4cba785a,0xc321ac21a07b3d593b269acdace69c3762ca2dd0,0.0,"approve(address=0x10ed43c718714eb63d5aa57b78b54704e256024e,uint256=579634383855789107496502)"
98,staticcall,0x9adb8c52f0d845739fd3e035ed230f0d4cba785a,0x55d398326f99059ff775485246999027b3197955,0.0,balanceOf(address=0x9adb8c52f0d845739fd3e035ed230f0d4cba785a)
99,staticcall,0x9adb8c52f0d845739fd3e035ed230f0d4cba785a,0x10ed43c718714eb63d5aa57b78b54704e256024e,0.0,WETH()
100,call,0x9adb8c52f0d845739fd3e035ed230f0d4cba785a,0x10ed43c718714eb63d5aa57b78b54704e256024e,0.0,"swapExactTokensForTokensSupportingFeeOnTransferTokens(uint256=579634383855789107496502,uint256=0,address[]=('0xc321ac21a07b3d593b269acdace69c3762ca2dd0', '0xbb4cdb9cbd36b01bd1cbaebf2de08d9173bc095c', '0x55d398326f99059ff775485246999027b3197955'),address=0x9adb8c52f0d845739fd3e035ed230f0d4cba785a,uint256=1751728596)"
101,call,0x10ed43c718714eb63d5aa57b78b54704e256024e,0xc321ac21a07b3d593b269acdace69c3762ca2dd0,0.0,"transferFrom(address=0x9adb8c52f0d845739fd3e035ed230f0d4cba785a,address=0x42a93c3af7cb1bbc757dd2ec4977fd6d7916ba1d,uint256=579634383855789107496502)"
102,call,0xc321ac21a07b3d593b269acdace69c3762ca2dd0,0x9adb8c52f0d845739fd3e035ed230f0d4cba785a,0.0,takeToken(address=0x9adb8c52f0d845739fd3e035ed230f0d4cba785a)
103,delegatecall,0x9adb8c52f0d845739fd3e035ed230f0d4cba785a,0x559bee76ec549e70630e451d46cb442ef5c230fd,0.0,takeToken(address=0x9adb8c52f0d845739fd3e035ed230f0d4cba785a)
104,call,0xc321ac21a07b3d593b269acdace69c3762ca2dd0,0x9adb8c52f0d845739fd3e035ed230f0d4cba785a,0.0,takeToken(address=0x42a93c3af7cb1bbc757dd2ec4977fd6d7916ba1d)
105,delegatecall,0x9adb8c52f0d845739fd3e035ed230f0d4cba785a,0x559bee76ec549e70630e451d46cb442ef5c230fd,0.0,takeToken(address=0x42a93c3af7cb1bbc757dd2ec4977fd6d7916ba1d)
106,staticcall,0xc321ac21a07b3d593b269acdace69c3762ca2dd0,0x42a93c3af7cb1bbc757dd2ec4977fd6d7916ba1d,0.0,getReserves()
107,staticcall,0xc321ac21a07b3d593b269acdace69c3762ca2dd0,0x10ed43c718714eb63d5aa57b78b54704e256024e,0.0,WETH()
108,staticcall,0xc321ac21a07b3d593b269acdace69c3762ca2dd0,0xbb4cdb9cbd36b01bd1cbaebf2de08d9173bc095c,0.0,balanceOf(address=0x42a93c3af7cb1bbc757dd2ec4977fd6d7916ba1d)
109,staticcall,0xc321ac21a07b3d593b269acdace69c3762ca2dd0,0x42a93c3af7cb1bbc757dd2ec4977fd6d7916ba1d,0.0,getReserves()
110,staticcall,0xc321ac21a07b3d593b269acdace69c3762ca2dd0,0x10ed43c718714eb63d5aa57b78b54704e256024e,0.0,WETH()
111,staticcall,0xc321ac21a07b3d593b269acdace69c3762ca2dd0,0xbb4cdb9cbd36b01bd1cbaebf2de08d9173bc095c,0.0,balanceOf(address=0x42a93c3af7cb1bbc757dd2ec4977fd6d7916ba1d)
112,staticcall,0x10ed43c718714eb63d5aa57b78b54704e256024e,0x55d398326f99059ff775485246999027b3197955,0.0,balanceOf(address=0x9adb8c52f0d845739fd3e035ed230f0d4cba785a)
113,staticcall,0x10ed43c718714eb63d5aa57b78b54704e256024e,0x42a93c3af7cb1bbc757dd2ec4977fd6d7916ba1d,0.0,getReserves()
114,staticcall,0x10ed43c718714eb63d5aa57b78b54704e256024e,0xc321ac21a07b3d593b269acdace69c3762ca2dd0,0.0,balanceOf(address=0x42a93c3af7cb1bbc757dd2ec4977fd6d7916ba1d)
115,staticcall,0xc321ac21a07b3d593b269acdace69c3762ca2dd0,0x9adb8c52f0d845739fd3e035ed230f0d4cba785a,0.0,earnedToken(address=0x42a93c3af7cb1bbc757dd2ec4977fd6d7916ba1d)
116,delegatecall,0x9adb8c52f0d845739fd3e035ed230f0d4cba785a,0x559bee76ec549e70630e451d46cb442ef5c230fd,0.0,earnedToken(address=0x42a93c3af7cb1bbc757dd2ec4977fd6d7916ba1d)
117,call,0x10ed43c718714eb63d5aa57b78b54704e256024e,0x42a93c3af7cb1bbc757dd2ec4977fd6d7916ba1d,0.0,"swap(uint256=105538128915927,uint256=0,address=0x16b9a82891338f9ba80e2d6970fdda79d1eb0dae,bytes=0x)"
118,call,0x42a93c3af7cb1bbc757dd2ec4977fd6d7916ba1d,0xbb4cdb9cbd36b01bd1cbaebf2de08d9173bc095c,0.0,"transfer(address=0x16b9a82891338f9ba80e2d6970fdda79d1eb0dae,uint256=105538128915927)"
119,staticcall,0x42a93c3af7cb1bbc757dd2ec4977fd6d7916ba1d,0xbb4cdb9cbd36b01bd1cbaebf2de08d9173bc095c,0.0,balanceOf(address=0x42a93c3af7cb1bbc757dd2ec4977fd6d7916ba1d)
120,staticcall,0x42a93c3af7cb1bbc757dd2ec4977fd6d7916ba1d,0xc321ac21a07b3d593b269acdace69c3762ca2dd0,0.0,balanceOf(address=0x42a93c3af7cb1bbc757dd2ec4977fd6d7916ba1d)
121,staticcall,0xc321ac21a07b3d593b269acdace69c3762ca2dd0,0x9adb8c52f0d845739fd3e035ed230f0d4cba785a,0.0,earnedToken(address=0x42a93c3af7cb1bbc757dd2ec4977fd6d7916ba1d)
122,delegatecall,0x9adb8c52f0d845739fd3e035ed230f0d4cba785a,0x559bee76ec549e70630e451d46cb442ef5c230fd,0.0,earnedToken(address=0x42a93c3af7cb1bbc757dd2ec4977fd6d7916ba1d)
123,staticcall,0x10ed43c718714eb63d5aa57b78b54704e256024e,0x16b9a82891338f9ba80e2d6970fdda79d1eb0dae,0.0,getReserves()
124,staticcall,0x10ed43c718714eb63d5aa57b78b54704e256024e,0xbb4cdb9cbd36b01bd1cbaebf2de08d9173bc095c,0.0,balanceOf(address=0x16b9a82891338f9ba80e2d6970fdda79d1eb0dae)
125,call,0x10ed43c718714eb63d5aa57b78b54704e256024e,0x16b9a82891338f9ba80e2d6970fdda79d1eb0dae,0.0,"swap(uint256=69020680710541014,uint256=0,address=0x9adb8c52f0d845739fd3e035ed230f0d4cba785a,bytes=0x)"
126,call,0x16b9a82891338f9ba80e2d6970fdda79d1eb0dae,0x55d398326f99059ff775485246999027b3197955,0.0,"transfer(address=0x9adb8c52f0d845739fd3e035ed230f0d4cba785a,uint256=69020680710541014)"
127,staticcall,0x16b9a82891338f9ba80e2d6970fdda79d1eb0dae,0x55d398326f99059ff775485246999027b3197955,0.0,balanceOf(address=0x16b9a82891338f9ba80e2d6970fdda79d1eb0dae)
128,staticcall,0x16b9a82891338f9ba80e2d6970fdda79d1eb0dae,0xbb4cdb9cbd36b01bd1cbaebf2de08d9173bc095c,0.0,balanceOf(address=0x16b9a82891338f9ba80e2d6970fdda79d1eb0dae)
129,staticcall,0x10ed43c718714eb63d5aa57b78b54704e256024e,0x55d398326f99059ff775485246999027b3197955,0.0,balanceOf(address=0x9adb8c52f0d845739fd3e035ed230f0d4cba785a)
130,staticcall,0x9adb8c52f0d845739fd3e035ed230f0d4cba785a,0x55d398326f99059ff775485246999027b3197955,0.0,balanceOf(address=0x9adb8c52f0d845739fd3e035ed230f0d4cba785a)
131,staticcall,0x9adb8c52f0d845739fd3e035ed230f0d4cba785a,0xfa780eeebddcf9adf3b13a482802eafae1a7dd72,0.0,
132,call,0x9adb8c52f0d845739fd3e035ed230f0d4cba785a,0x55d398326f99059ff775485246999027b3197955,0.0,"transfer(address=0x418d045493860a45f97f8d89e60b900862679d8f,uint256=11503446785090169)"
133,call,0x9adb8c52f0d845739fd3e035ed230f0d4cba785a,0x55d398326f99059ff775485246999027b3197955,0.0,"transfer(address=0x418d045493860a45f97f8d89e60b900862679d8f,uint256=11503446785090169)"
134,call,0x9adb8c52f0d845739fd3e035ed230f0d4cba785a,0x55d398326f99059ff775485246999027b3197955,0.0,"transfer(address=0x418d045493860a45f97f8d89e60b900862679d8f,uint256=11503446785090169)"
135,call,0x9adb8c52f0d845739fd3e035ed230f0d4cba785a,0x55d398326f99059ff775485246999027b3197955,0.0,"transfer(address=0x418d045493860a45f97f8d89e60b900862679d8f,uint256=11503446785090169)"
136,call,0x9adb8c52f0d845739fd3e035ed230f0d4cba785a,0x55d398326f99059ff775485246999027b3197955,0.0,"transfer(address=0x418d045493860a45f97f8d89e60b900862679d8f,uint256=11503446785090169)"
137,call,0x9adb8c52f0d845739fd3e035ed230f0d4cba785a,0x55d398326f99059ff775485246999027b3197955,0.0,"transfer(address=0x418d045493860a45f97f8d89e60b900862679d8f,uint256=11503446785090169)"
138,call,0x9adb8c52f0d845739fd3e035ed230f0d4cba785a,0xc321ac21a07b3d593b269acdace69c3762ca2dd0,0.0,"approve(address=0x10ed43c718714eb63d5aa57b78b54704e256024e,uint256=144908595963947276874125)"
139,staticcall,0x9adb8c52f0d845739fd3e035ed230f0d4cba785a,0x55d398326f99059ff775485246999027b3197955,0.0,balanceOf(address=0x1e619dbea18f5e0e66d1c2df3f14416d3c804809)
140,staticcall,0x9adb8c52f0d845739fd3e035ed230f0d4cba785a,0x10ed43c718714eb63d5aa57b78b54704e256024e,0.0,WETH()
141,call,0x9adb8c52f0d845739fd3e035ed230f0d4cba785a,0x10ed43c718714eb63d5aa57b78b54704e256024e,0.0,"swapExactTokensForTokensSupportingFeeOnTransferTokens(uint256=144908595963947276874125,uint256=0,address[]=('0xc321ac21a07b3d593b269acdace69c3762ca2dd0', '0xbb4cdb9cbd36b01bd1cbaebf2de08d9173bc095c', '0x55d398326f99059ff775485246999027b3197955'),address=0x1e619dbea18f5e0e66d1c2df3f14416d3c804809,uint256=1751728596)"
142,call,0x10ed43c718714eb63d5aa57b78b54704e256024e,0xc321ac21a07b3d593b269acdace69c3762ca2dd0,0.0,"transferFrom(address=0x9adb8c52f0d845739fd3e035ed230f0d4cba785a,address=0x42a93c3af7cb1bbc757dd2ec4977fd6d7916ba1d,uint256=144908595963947276874125)"
143,call,0xc321ac21a07b3d593b269acdace69c3762ca2dd0,0x9adb8c52f0d845739fd3e035ed230f0d4cba785a,0.0,takeToken(address=0x9adb8c52f0d845739fd3e035ed230f0d4cba785a)
144,delegatecall,0x9adb8c52f0d845739fd3e035ed230f0d4cba785a,0x559bee76ec549e70630e451d46cb442ef5c230fd,0.0,takeToken(address=0x9adb8c52f0d845739fd3e035ed230f0d4cba785a)
145,call,0xc321ac21a07b3d593b269acdace69c3762ca2dd0,0x9adb8c52f0d845739fd3e035ed230f0d4cba785a,0.0,takeToken(address=0x42a93c3af7cb1bbc757dd2ec4977fd6d7916ba1d)
146,delegatecall,0x9adb8c52f0d845739fd3e035ed230f0d4cba785a,0x559bee76ec549e70630e451d46cb442ef5c230fd,0.0,takeToken(address=0x42a93c3af7cb1bbc757dd2ec4977fd6d7916ba1d)
147,staticcall,0xc321ac21a07b3d593b269acdace69c3762ca2dd0,0x42a93c3af7cb1bbc757dd2ec4977fd6d7916ba1d,0.0,getReserves()
148,staticcall,0xc321ac21a07b3d593b269acdace69c3762ca2dd0,0x10ed43c718714eb63d5aa57b78b54704e256024e,0.0,WETH()
149,staticcall,0xc321ac21a07b3d593b269acdace69c3762ca2dd0,0xbb4cdb9cbd36b01bd1cbaebf2de08d9173bc095c,0.0,balanceOf(address=0x42a93c3af7cb1bbc757dd2ec4977fd6d7916ba1d)
150,staticcall,0xc321ac21a07b3d593b269acdace69c3762ca2dd0,0x42a93c3af7cb1bbc757dd2ec4977fd6d7916ba1d,0.0,getReserves()
151,staticcall,0xc321ac21a07b3d593b269acdace69c3762ca2dd0,0x10ed43c718714eb63d5aa57b78b54704e256024e,0.0,WETH()
152,staticcall,0xc321ac21a07b3d593b269acdace69c3762ca2dd0,0xbb4cdb9cbd36b01bd1cbaebf2de08d9173bc095c,0.0,balanceOf(address=0x42a93c3af7cb1bbc757dd2ec4977fd6d7916ba1d)
153,staticcall,0x10ed43c718714eb63d5aa57b78b54704e256024e,0x55d398326f99059ff775485246999027b3197955,0.0,balanceOf(address=0x1e619dbea18f5e0e66d1c2df3f14416d3c804809)
154,staticcall,0x10ed43c718714eb63d5aa57b78b54704e256024e,0x42a93c3af7cb1bbc757dd2ec4977fd6d7916ba1d,0.0,getReserves()
155,staticcall,0x10ed43c718714eb63d5aa57b78b54704e256024e,0xc321ac21a07b3d593b269acdace69c3762ca2dd0,0.0,balanceOf(address=0x42a93c3af7cb1bbc757dd2ec4977fd6d7916ba1d)
156,staticcall,0xc321ac21a07b3d593b269acdace69c3762ca2dd0,0x9adb8c52f0d845739fd3e035ed230f0d4cba785a,0.0,earnedToken(address=0x42a93c3af7cb1bbc757dd2ec4977fd6d7916ba1d)
157,delegatecall,0x9adb8c52f0d845739fd3e035ed230f0d4cba785a,0x559bee76ec549e70630e451d46cb442ef5c230fd,0.0,earnedToken(address=0x42a93c3af7cb1bbc757dd2ec4977fd6d7916ba1d)
158,call,0x10ed43c718714eb63d5aa57b78b54704e256024e,0x42a93c3af7cb1bbc757dd2ec4977fd6d7916ba1d,0.0,"swap(uint256=22220308598355,uint256=0,address=0x16b9a82891338f9ba80e2d6970fdda79d1eb0dae,bytes=0x)"
159,call,0x42a93c3af7cb1bbc757dd2ec4977fd6d7916ba1d,0xbb4cdb9cbd36b01bd1cbaebf2de08d9173bc095c,0.0,"transfer(address=0x16b9a82891338f9ba80e2d6970fdda79d1eb0dae,uint256=22220308598355)"
160,staticcall,0x42a93c3af7cb1bbc757dd2ec4977fd6d7916ba1d,0xbb4cdb9cbd36b01bd1cbaebf2de08d9173bc095c,0.0,balanceOf(address=0x42a93c3af7cb1bbc757dd2ec4977fd6d7916ba1d)
161,staticcall,0x42a93c3af7cb1bbc757dd2ec4977fd6d7916ba1d,0xc321ac21a07b3d593b269acdace69c3762ca2dd0,0.0,balanceOf(address=0x42a93c3af7cb1bbc757dd2ec4977fd6d7916ba1d)
162,staticcall,0xc321ac21a07b3d593b269acdace69c3762ca2dd0,0x9adb8c52f0d845739fd3e035ed230f0d4cba785a,0.0,earnedToken(address=0x42a93c3af7cb1bbc757dd2ec4977fd6d7916ba1d)
163,delegatecall,0x9adb8c52f0d845739fd3e035ed230f0d4cba785a,0x559bee76ec549e70630e451d46cb442ef5c230fd,0.0,earnedToken(address=0x42a93c3af7cb1bbc757dd2ec4977fd6d7916ba1d)
164,staticcall,0x10ed43c718714eb63d5aa57b78b54704e256024e,0x16b9a82891338f9ba80e2d6970fdda79d1eb0dae,0.0,getReserves()
165,staticcall,0x10ed43c718714eb63d5aa57b78b54704e256024e,0xbb4cdb9cbd36b01bd1cbaebf2de08d9173bc095c,0.0,balanceOf(address=0x16b9a82891338f9ba80e2d6970fdda79d1eb0dae)
166,call,0x10ed43c718714eb63d5aa57b78b54704e256024e,0x16b9a82891338f9ba80e2d6970fdda79d1eb0dae,0.0,"swap(uint256=14531817387341637,uint256=0,address=0x1e619dbea18f5e0e66d1c2df3f14416d3c804809,bytes=0x)"
167,call,0x16b9a82891338f9ba80e2d6970fdda79d1eb0dae,0x55d398326f99059ff775485246999027b3197955,0.0,"transfer(address=0x1e619dbea18f5e0e66d1c2df3f14416d3c804809,uint256=14531817387341637)"
168,staticcall,0x16b9a82891338f9ba80e2d6970fdda79d1eb0dae,0x55d398326f99059ff775485246999027b3197955,0.0,balanceOf(address=0x16b9a82891338f9ba80e2d6970fdda79d1eb0dae)
169,staticcall,0x16b9a82891338f9ba80e2d6970fdda79d1eb0dae,0xbb4cdb9cbd36b01bd1cbaebf2de08d9173bc095c,0.0,balanceOf(address=0x16b9a82891338f9ba80e2d6970fdda79d1eb0dae)
170,staticcall,0x10ed43c718714eb63d5aa57b78b54704e256024e,0x55d398326f99059ff775485246999027b3197955,0.0,balanceOf(address=0x1e619dbea18f5e0e66d1c2df3f14416d3c804809)
171,staticcall,0x9adb8c52f0d845739fd3e035ed230f0d4cba785a,0x55d398326f99059ff775485246999027b3197955,0.0,balanceOf(address=0x1e619dbea18f5e0e66d1c2df3f14416d3c804809)
172,call,0x9adb8c52f0d845739fd3e035ed230f0d4cba785a,0x1e619dbea18f5e0e66d1c2df3f14416d3c804809,0.0,
173,call,0x9adb8c52f0d845739fd3e035ed230f0d4cba785a,0xc321ac21a07b3d593b269acdace69c3762ca2dd0,0.0,"approve(address=0x10ed43c718714eb63d5aa57b78b54704e256024e,uint256=48302865321315758958041)"
174,staticcall,0x9adb8c52f0d845739fd3e035ed230f0d4cba785a,0x55d398326f99059ff775485246999027b3197955,0.0,balanceOf(address=0x96522adc8d063b75d993bd9f7ea99a3ab19625c5)
175,staticcall,0x9adb8c52f0d845739fd3e035ed230f0d4cba785a,0x10ed43c718714eb63d5aa57b78b54704e256024e,0.0,WETH()
176,call,0x9adb8c52f0d845739fd3e035ed230f0d4cba785a,0x10ed43c718714eb63d5aa57b78b54704e256024e,0.0,"swapExactTokensForTokensSupportingFeeOnTransferTokens(uint256=48302865321315758958041,uint256=0,address[]=('0xc321ac21a07b3d593b269acdace69c3762ca2dd0', '0xbb4cdb9cbd36b01bd1cbaebf2de08d9173bc095c', '0x55d398326f99059ff775485246999027b3197955'),address=0x96522adc8d063b75d993bd9f7ea99a3ab19625c5,uint256=1751728596)"
177,call,0x10ed43c718714eb63d5aa57b78b54704e256024e,0xc321ac21a07b3d593b269acdace69c3762ca2dd0,0.0,"transferFrom(address=0x9adb8c52f0d845739fd3e035ed230f0d4cba785a,address=0x42a93c3af7cb1bbc757dd2ec4977fd6d7916ba1d,uint256=48302865321315758958041)"
178,call,0xc321ac21a07b3d593b269acdace69c3762ca2dd0,0x9adb8c52f0d845739fd3e035ed230f0d4cba785a,0.0,takeToken(address=0x9adb8c52f0d845739fd3e035ed230f0d4cba785a)
179,delegatecall,0x9adb8c52f0d845739fd3e035ed230f0d4cba785a,0x559bee76ec549e70630e451d46cb442ef5c230fd,0.0,takeToken(address=0x9adb8c52f0d845739fd3e035ed230f0d4cba785a)
180,call,0xc321ac21a07b3d593b269acdace69c3762ca2dd0,0x9adb8c52f0d845739fd3e035ed230f0d4cba785a,0.0,takeToken(address=0x42a93c3af7cb1bbc757dd2ec4977fd6d7916ba1d)
181,delegatecall,0x9adb8c52f0d845739fd3e035ed230f0d4cba785a,0x559bee76ec549e70630e451d46cb442ef5c230fd,0.0,takeToken(address=0x42a93c3af7cb1bbc757dd2ec4977fd6d7916ba1d)
182,staticcall,0xc321ac21a07b3d593b269acdace69c3762ca2dd0,0x42a93c3af7cb1bbc757dd2ec4977fd6d7916ba1d,0.0,getReserves()
183,staticcall,0xc321ac21a07b3d593b269acdace69c3762ca2dd0,0x10ed43c718714eb63d5aa57b78b54704e256024e,0.0,WETH()
184,staticcall,0xc321ac21a07b3d593b269acdace69c3762ca2dd0,0xbb4cdb9cbd36b01bd1cbaebf2de08d9173bc095c,0.0,balanceOf(address=0x42a93c3af7cb1bbc757dd2ec4977fd6d7916ba1d)
185,staticcall,0xc321ac21a07b3d593b269acdace69c3762ca2dd0,0x42a93c3af7cb1bbc757dd2ec4977fd6d7916ba1d,0.0,getReserves()
186,staticcall,0xc321ac21a07b3d593b269acdace69c3762ca2dd0,0x10ed43c718714eb63d5aa57b78b54704e256024e,0.0,WETH()
187,staticcall,0xc321ac21a07b3d593b269acdace69c3762ca2dd0,0xbb4cdb9cbd36b01bd1cbaebf2de08d9173bc095c,0.0,balanceOf(address=0x42a93c3af7cb1bbc757dd2ec4977fd6d7916ba1d)
188,staticcall,0x10ed43c718714eb63d5aa57b78b54704e256024e,0x55d398326f99059ff775485246999027b3197955,0.0,balanceOf(address=0x96522adc8d063b75d993bd9f7ea99a3ab19625c5)
189,staticcall,0x10ed43c718714eb63d5aa57b78b54704e256024e,0x42a93c3af7cb1bbc757dd2ec4977fd6d7916ba1d,0.0,getReserves()
190,staticcall,0x10ed43c718714eb63d5aa57b78b54704e256024e,0xc321ac21a07b3d593b269acdace69c3762ca2dd0,0.0,balanceOf(address=0x42a93c3af7cb1bbc757dd2ec4977fd6d7916ba1d)
191,staticcall,0xc321ac21a07b3d593b269acdace69c3762ca2dd0,0x9adb8c52f0d845739fd3e035ed230f0d4cba785a,0.0,earnedToken(address=0x42a93c3af7cb1bbc757dd2ec4977fd6d7916ba1d)
192,delegatecall,0x9adb8c52f0d845739fd3e035ed230f0d4cba785a,0x559bee76ec549e70630e451d46cb442ef5c230fd,0.0,earnedToken(address=0x42a93c3af7cb1bbc757dd2ec4977fd6d7916ba1d)
193,call,0x10ed43c718714eb63d5aa57b78b54704e256024e,0x42a93c3af7cb1bbc757dd2ec4977fd6d7916ba1d,0.0,"swap(uint256=7098339054679,uint256=0,address=0x16b9a82891338f9ba80e2d6970fdda79d1eb0dae,bytes=0x)"
194,call,0x42a93c3af7cb1bbc757dd2ec4977fd6d7916ba1d,0xbb4cdb9cbd36b01bd1cbaebf2de08d9173bc095c,0.0,"transfer(address=0x16b9a82891338f9ba80e2d6970fdda79d1eb0dae,uint256=7098339054679)"
195,staticcall,0x42a93c3af7cb1bbc757dd2ec4977fd6d7916ba1d,0xbb4cdb9cbd36b01bd1cbaebf2de08d9173bc095c,0.0,balanceOf(address=0x42a93c3af7cb1bbc757dd2ec4977fd6d7916ba1d)
196,staticcall,0x42a93c3af7cb1bbc757dd2ec4977fd6d7916ba1d,0xc321ac21a07b3d593b269acdace69c3762ca2dd0,0.0,balanceOf(address=0x42a93c3af7cb1bbc757dd2ec4977fd6d7916ba1d)
197,staticcall,0xc321ac21a07b3d593b269acdace69c3762ca2dd0,0x9adb8c52f0d845739fd3e035ed230f0d4cba785a,0.0,earnedToken(address=0x42a93c3af7cb1bbc757dd2ec4977fd6d7916ba1d)
198,delegatecall,0x9adb8c52f0d845739fd3e035ed230f0d4cba785a,0x559bee76ec549e70630e451d46cb442ef5c230fd,0.0,earnedToken(address=0x42a93c3af7cb1bbc757dd2ec4977fd6d7916ba1d)
199,staticcall,0x10ed43c718714eb63d5aa57b78b54704e256024e,0x16b9a82891338f9ba80e2d6970fdda79d1eb0dae,0.0,getReserves()
200,staticcall,0x10ed43c718714eb63d5aa57b78b54704e256024e,0xbb4cdb9cbd36b01bd1cbaebf2de08d9173bc095c,0.0,balanceOf(address=0x16b9a82891338f9ba80e2d6970fdda79d1eb0dae)
201,call,0x10ed43c718714eb63d5aa57b78b54704e256024e,0x16b9a82891338f9ba80e2d6970fdda79d1eb0dae,0.0,"swap(uint256=4642229261225032,uint256=0,address=0x96522adc8d063b75d993bd9f7ea99a3ab19625c5,bytes=0x)"
202,call,0x16b9a82891338f9ba80e2d6970fdda79d1eb0dae,0x55d398326f99059ff775485246999027b3197955,0.0,"transfer(address=0x96522adc8d063b75d993bd9f7ea99a3ab19625c5,uint256=4642229261225032)"
203,staticcall,0x16b9a82891338f9ba80e2d6970fdda79d1eb0dae,0x55d398326f99059ff775485246999027b3197955,0.0,balanceOf(address=0x16b9a82891338f9ba80e2d6970fdda79d1eb0dae)
204,staticcall,0x16b9a82891338f9ba80e2d6970fdda79d1eb0dae,0xbb4cdb9cbd36b01bd1cbaebf2de08d9173bc095c,0.0,balanceOf(address=0x16b9a82891338f9ba80e2d6970fdda79d1eb0dae)
205,staticcall,0x10ed43c718714eb63d5aa57b78b54704e256024e,0x55d398326f99059ff775485246999027b3197955,0.0,balanceOf(address=0x96522adc8d063b75d993bd9f7ea99a3ab19625c5)
206,staticcall,0x9adb8c52f0d845739fd3e035ed230f0d4cba785a,0x55d398326f99059ff775485246999027b3197955,0.0,balanceOf(address=0x96522adc8d063b75d993bd9f7ea99a3ab19625c5)
207,call,0x9adb8c52f0d845739fd3e035ed230f0d4cba785a,0x96522adc8d063b75d993bd9f7ea99a3ab19625c5,0.0,
208,call,0x9adb8c52f0d845739fd3e035ed230f0d4cba785a,0xc321ac21a07b3d593b269acdace69c3762ca2dd0,0.0,"approve(address=0x10ed43c718714eb63d5aa57b78b54704e256024e,uint256=48302865321315758958041)"
209,staticcall,0x9adb8c52f0d845739fd3e035ed230f0d4cba785a,0x55d398326f99059ff775485246999027b3197955,0.0,balanceOf(address=0x0a5c6e7be1bd17e928ce128a356064831d8cbaeb)
210,staticcall,0x9adb8c52f0d845739fd3e035ed230f0d4cba785a,0x10ed43c718714eb63d5aa57b78b54704e256024e,0.0,WETH()
211,call,0x9adb8c52f0d845739fd3e035ed230f0d4cba785a,0x10ed43c718714eb63d5aa57b78b54704e256024e,0.0,"swapExactTokensForTokensSupportingFeeOnTransferTokens(uint256=48302865321315758958041,uint256=0,address[]=('0xc321ac21a07b3d593b269acdace69c3762ca2dd0', '0xbb4cdb9cbd36b01bd1cbaebf2de08d9173bc095c', '0x55d398326f99059ff775485246999027b3197955'),address=0x0a5c6e7be1bd17e928ce128a356064831d8cbaeb,uint256=1751728596)"
212,call,0x10ed43c718714eb63d5aa57b78b54704e256024e,0xc321ac21a07b3d593b269acdace69c3762ca2dd0,0.0,"transferFrom(address=0x9adb8c52f0d845739fd3e035ed230f0d4cba785a,address=0x42a93c3af7cb1bbc757dd2ec4977fd6d7916ba1d,uint256=48302865321315758958041)"
213,call,0xc321ac21a07b3d593b269acdace69c3762ca2dd0,0x9adb8c52f0d845739fd3e035ed230f0d4cba785a,0.0,takeToken(address=0x9adb8c52f0d845739fd3e035ed230f0d4cba785a)
214,delegatecall,0x9adb8c52f0d845739fd3e035ed230f0d4cba785a,0x559bee76ec549e70630e451d46cb442ef5c230fd,0.0,takeToken(address=0x9adb8c52f0d845739fd3e035ed230f0d4cba785a)
215,call,0xc321ac21a07b3d593b269acdace69c3762ca2dd0,0x9adb8c52f0d845739fd3e035ed230f0d4cba785a,0.0,takeToken(address=0x42a93c3af7cb1bbc757dd2ec4977fd6d7916ba1d)
216,delegatecall,0x9adb8c52f0d845739fd3e035ed230f0d4cba785a,0x559bee76ec549e70630e451d46cb442ef5c230fd,0.0,takeToken(address=0x42a93c3af7cb1bbc757dd2ec4977fd6d7916ba1d)
217,staticcall,0xc321ac21a07b3d593b269acdace69c3762ca2dd0,0x42a93c3af7cb1bbc757dd2ec4977fd6d7916ba1d,0.0,getReserves()
218,staticcall,0xc321ac21a07b3d593b269acdace69c3762ca2dd0,0x10ed43c718714eb63d5aa57b78b54704e256024e,0.0,WETH()
219,staticcall,0xc321ac21a07b3d593b269acdace69c3762ca2dd0,0xbb4cdb9cbd36b01bd1cbaebf2de08d9173bc095c,0.0,balanceOf(address=0x42a93c3af7cb1bbc757dd2ec4977fd6d7916ba1d)
220,staticcall,0xc321ac21a07b3d593b269acdace69c3762ca2dd0,0x42a93c3af7cb1bbc757dd2ec4977fd6d7916ba1d,0.0,getReserves()
221,staticcall,0xc321ac21a07b3d593b269acdace69c3762ca2dd0,0x10ed43c718714eb63d5aa57b78b54704e256024e,0.0,WETH()
222,staticcall,0xc321ac21a07b3d593b269acdace69c3762ca2dd0,0xbb4cdb9cbd36b01bd1cbaebf2de08d9173bc095c,0.0,balanceOf(address=0x42a93c3af7cb1bbc757dd2ec4977fd6d7916ba1d)
223,staticcall,0x10ed43c718714eb63d5aa57b78b54704e256024e,0x55d398326f99059ff775485246999027b3197955,0.0,balanceOf(address=0x0a5c6e7be1bd17e928ce128a356064831d8cbaeb)
224,staticcall,0x10ed43c718714eb63d5aa57b78b54704e256024e,0x42a93c3af7cb1bbc757dd2ec4977fd6d7916ba1d,0.0,getReserves()
225,staticcall,0x10ed43c718714eb63d5aa57b78b54704e256024e,0xc321ac21a07b3d593b269acdace69c3762ca2dd0,0.0,balanceOf(address=0x42a93c3af7cb1bbc757dd2ec4977fd6d7916ba1d)
226,staticcall,0xc321ac21a07b3d593b269acdace69c3762ca2dd0,0x9adb8c52f0d845739fd3e035ed230f0d4cba785a,0.0,earnedToken(address=0x42a93c3af7cb1bbc757dd2ec4977fd6d7916ba1d)
227,delegatecall,0x9adb8c52f0d845739fd3e035ed230f0d4cba785a,0x559bee76ec549e70630e451d46cb442ef5c230fd,0.0,earnedToken(address=0x42a93c3af7cb1bbc757dd2ec4977fd6d7916ba1d)
228,call,0x10ed43c718714eb63d5aa57b78b54704e256024e,0x42a93c3af7cb1bbc757dd2ec4977fd6d7916ba1d,0.0,"swap(uint256=6952160758996,uint256=0,address=0x16b9a82891338f9ba80e2d6970fdda79d1eb0dae,bytes=0x)"
229,call,0x42a93c3af7cb1bbc757dd2ec4977fd6d7916ba1d,0xbb4cdb9cbd36b01bd1cbaebf2de08d9173bc095c,0.0,"transfer(address=0x16b9a82891338f9ba80e2d6970fdda79d1eb0dae,uint256=6952160758996)"
230,staticcall,0x42a93c3af7cb1bbc757dd2ec4977fd6d7916ba1d,0xbb4cdb9cbd36b01bd1cbaebf2de08d9173bc095c,0.0,balanceOf(address=0x42a93c3af7cb1bbc757dd2ec4977fd6d7916ba1d)
231,staticcall,0x42a93c3af7cb1bbc757dd2ec4977fd6d7916ba1d,0xc321ac21a07b3d593b269acdace69c3762ca2dd0,0.0,balanceOf(address=0x42a93c3af7cb1bbc757dd2ec4977fd6d7916ba1d)
232,staticcall,0xc321ac21a07b3d593b269acdace69c3762ca2dd0,0x9adb8c52f0d845739fd3e035ed230f0d4cba785a,0.0,earnedToken(address=0x42a93c3af7cb1bbc757dd2ec4977fd6d7916ba1d)
233,delegatecall,0x9adb8c52f0d845739fd3e035ed230f0d4cba785a,0x559bee76ec549e70630e451d46cb442ef5c230fd,0.0,earnedToken(address=0x42a93c3af7cb1bbc757dd2ec4977fd6d7916ba1d)
234,staticcall,0x10ed43c718714eb63d5aa57b78b54704e256024e,0x16b9a82891338f9ba80e2d6970fdda79d1eb0dae,0.0,getReserves()
235,staticcall,0x10ed43c718714eb63d5aa57b78b54704e256024e,0xbb4cdb9cbd36b01bd1cbaebf2de08d9173bc095c,0.0,balanceOf(address=0x16b9a82891338f9ba80e2d6970fdda79d1eb0dae)
236,call,0x10ed43c718714eb63d5aa57b78b54704e256024e,0x16b9a82891338f9ba80e2d6970fdda79d1eb0dae,0.0,"swap(uint256=4546630392894964,uint256=0,address=0x0a5c6e7be1bd17e928ce128a356064831d8cbaeb,bytes=0x)"
237,call,0x16b9a82891338f9ba80e2d6970fdda79d1eb0dae,0x55d398326f99059ff775485246999027b3197955,0.0,"transfer(address=0x0a5c6e7be1bd17e928ce128a356064831d8cbaeb,uint256=4546630392894964)"
238,staticcall,0x16b9a82891338f9ba80e2d6970fdda79d1eb0dae,0x55d398326f99059ff775485246999027b3197955,0.0,balanceOf(address=0x16b9a82891338f9ba80e2d6970fdda79d1eb0dae)
239,staticcall,0x16b9a82891338f9ba80e2d6970fdda79d1eb0dae,0xbb4cdb9cbd36b01bd1cbaebf2de08d9173bc095c,0.0,balanceOf(address=0x16b9a82891338f9ba80e2d6970fdda79d1eb0dae)
240,staticcall,0x10ed43c718714eb63d5aa57b78b54704e256024e,0x55d398326f99059ff775485246999027b3197955,0.0,balanceOf(address=0x0a5c6e7be1bd17e928ce128a356064831d8cbaeb)
241,staticcall,0x9adb8c52f0d845739fd3e035ed230f0d4cba785a,0x55d398326f99059ff775485246999027b3197955,0.0,balanceOf(address=0x0a5c6e7be1bd17e928ce128a356064831d8cbaeb)
242,call,0x9adb8c52f0d845739fd3e035ed230f0d4cba785a,0xc321ac21a07b3d593b269acdace69c3762ca2dd0,0.0,"approve(address=0x10ed43c718714eb63d5aa57b78b54704e256024e,uint256=144908595963947276874125)"
243,staticcall,0x9adb8c52f0d845739fd3e035ed230f0d4cba785a,0x10ed43c718714eb63d5aa57b78b54704e256024e,0.0,WETH()
244,call,0x9adb8c52f0d845739fd3e035ed230f0d4cba785a,0x10ed43c718714eb63d5aa57b78b54704e256024e,0.0,"swapExactTokensForETHSupportingFeeOnTransferTokens(uint256=144908595963947276874125,uint256=0,address[]=('0xc321ac21a07b3d593b269acdace69c3762ca2dd0', '0xbb4cdb9cbd36b01bd1cbaebf2de08d9173bc095c'),address=0x9adb8c52f0d845739fd3e035ed230f0d4cba785a,uint256=1751728596)"
245,call,0x10ed43c718714eb63d5aa57b78b54704e256024e,0xc321ac21a07b3d593b269acdace69c3762ca2dd0,0.0,"transferFrom(address=0x9adb8c52f0d845739fd3e035ed230f0d4cba785a,address=0x42a93c3af7cb1bbc757dd2ec4977fd6d7916ba1d,uint256=144908595963947276874125)"
246,call,0xc321ac21a07b3d593b269acdace69c3762ca2dd0,0x9adb8c52f0d845739fd3e035ed230f0d4cba785a,0.0,takeToken(address=0x9adb8c52f0d845739fd3e035ed230f0d4cba785a)
247,delegatecall,0x9adb8c52f0d845739fd3e035ed230f0d4cba785a,0x559bee76ec549e70630e451d46cb442ef5c230fd,0.0,takeToken(address=0x9adb8c52f0d845739fd3e035ed230f0d4cba785a)
248,call,0xc321ac21a07b3d593b269acdace69c3762ca2dd0,0x9adb8c52f0d845739fd3e035ed230f0d4cba785a,0.0,takeToken(address=0x42a93c3af7cb1bbc757dd2ec4977fd6d7916ba1d)
249,delegatecall,0x9adb8c52f0d845739fd3e035ed230f0d4cba785a,0x559bee76ec549e70630e451d46cb442ef5c230fd,0.0,takeToken(address=0x42a93c3af7cb1bbc757dd2ec4977fd6d7916ba1d)
250,staticcall,0xc321ac21a07b3d593b269acdace69c3762ca2dd0,0x42a93c3af7cb1bbc757dd2ec4977fd6d7916ba1d,0.0,getReserves()
251,staticcall,0xc321ac21a07b3d593b269acdace69c3762ca2dd0,0x10ed43c718714eb63d5aa57b78b54704e256024e,0.0,WETH()
252,staticcall,0xc321ac21a07b3d593b269acdace69c3762ca2dd0,0xbb4cdb9cbd36b01bd1cbaebf2de08d9173bc095c,0.0,balanceOf(address=0x42a93c3af7cb1bbc757dd2ec4977fd6d7916ba1d)
253,staticcall,0xc321ac21a07b3d593b269acdace69c3762ca2dd0,0x42a93c3af7cb1bbc757dd2ec4977fd6d7916ba1d,0.0,getReserves()
254,staticcall,0xc321ac21a07b3d593b269acdace69c3762ca2dd0,0x10ed43c718714eb63d5aa57b78b54704e256024e,0.0,WETH()
255,staticcall,0xc321ac21a07b3d593b269acdace69c3762ca2dd0,0xbb4cdb9cbd36b01bd1cbaebf2de08d9173bc095c,0.0,balanceOf(address=0x42a93c3af7cb1bbc757dd2ec4977fd6d7916ba1d)
256,staticcall,0x10ed43c718714eb63d5aa57b78b54704e256024e,0x42a93c3af7cb1bbc757dd2ec4977fd6d7916ba1d,0.0,getReserves()
257,staticcall,0x10ed43c718714eb63d5aa57b78b54704e256024e,0xc321ac21a07b3d593b269acdace69c3762ca2dd0,0.0,balanceOf(address=0x42a93c3af7cb1bbc757dd2ec4977fd6d7916ba1d)
258,staticcall,0xc321ac21a07b3d593b269acdace69c3762ca2dd0,0x9adb8c52f0d845739fd3e035ed230f0d4cba785a,0.0,earnedToken(address=0x42a93c3af7cb1bbc757dd2ec4977fd6d7916ba1d)
259,delegatecall,0x9adb8c52f0d845739fd3e035ed230f0d4cba785a,0x559bee76ec549e70630e451d46cb442ef5c230fd,0.0,earnedToken(address=0x42a93c3af7cb1bbc757dd2ec4977fd6d7916ba1d)
260,call,0x10ed43c718714eb63d5aa57b78b54704e256024e,0x42a93c3af7cb1bbc757dd2ec4977fd6d7916ba1d,0.0,"swap(uint256=20023724937685,uint256=0,address=0x10ed43c718714eb63d5aa57b78b54704e256024e,bytes=0x)"
261,call,0x42a93c3af7cb1bbc757dd2ec4977fd6d7916ba1d,0xbb4cdb9cbd36b01bd1cbaebf2de08d9173bc095c,0.0,"transfer(address=0x10ed43c718714eb63d5aa57b78b54704e256024e,uint256=20023724937685)"
262,staticcall,0x42a93c3af7cb1bbc757dd2ec4977fd6d7916ba1d,0xbb4cdb9cbd36b01bd1cbaebf2de08d9173bc095c,0.0,balanceOf(address=0x42a93c3af7cb1bbc757dd2ec4977fd6d7916ba1d)
263,staticcall,0x42a93c3af7cb1bbc757dd2ec4977fd6d7916ba1d,0xc321ac21a07b3d593b269acdace69c3762ca2dd0,0.0,balanceOf(address=0x42a93c3af7cb1bbc757dd2ec4977fd6d7916ba1d)
264,staticcall,0xc321ac21a07b3d593b269acdace69c3762ca2dd0,0x9adb8c52f0d845739fd3e035ed230f0d4cba785a,0.0,earnedToken(address=0x42a93c3af7cb1bbc757dd2ec4977fd6d7916ba1d)
265,delegatecall,0x9adb8c52f0d845739fd3e035ed230f0d4cba785a,0x559bee76ec549e70630e451d46cb442ef5c230fd,0.0,earnedToken(address=0x42a93c3af7cb1bbc757dd2ec4977fd6d7916ba1d)
266,staticcall,0x10ed43c718714eb63d5aa57b78b54704e256024e,0xbb4cdb9cbd36b01bd1cbaebf2de08d9173bc095c,0.0,balanceOf(address=0x10ed43c718714eb63d5aa57b78b54704e256024e)
267,call,0x10ed43c718714eb63d5aa57b78b54704e256024e,0xbb4cdb9cbd36b01bd1cbaebf2de08d9173bc095c,0.0,withdraw(uint256=20023724937685)
268,call,0xbb4cdb9cbd36b01bd1cbaebf2de08d9173bc095c,0x10ed43c718714eb63d5aa57b78b54704e256024e,2.0023724937685e-05,
269,call,0x10ed43c718714eb63d5aa57b78b54704e256024e,0x9adb8c52f0d845739fd3e035ed230f0d4cba785a,2.0023724937685e-05,
270,delegatecall,0x9adb8c52f0d845739fd3e035ed230f0d4cba785a,0x559bee76ec549e70630e451d46cb442ef5c230fd,2.0023724937685e-05,
271,call,0x9adb8c52f0d845739fd3e035ed230f0d4cba785a,0x7022ff59cc52f812ccf09986941378f6422cac1b,2.0023724937685e-05,
272,delegatecall,0x7022ff59cc52f812ccf09986941378f6422cac1b,0xf5f989c685e4435dd9402b28c2a30cab1e463fd1,2.0023724937685e-05,
273,staticcall,0x7022ff59cc52f812ccf09986941378f6422cac1b,0x10ed43c718714eb63d5aa57b78b54704e256024e,0.0,WETH()
274,call,0x7022ff59cc52f812ccf09986941378f6422cac1b,0xbb4cdb9cbd36b01bd1cbaebf2de08d9173bc095c,2.0023724937685e-05,deposit()
275,call,0xfd9267ee6594bd8e82e8030c353870fa1773f7f8,0xbb4cdb9cbd36b01bd1cbaebf2de08d9173bc095c,3125.6281481864153,deposit()
276,call,0xfd9267ee6594bd8e82e8030c353870fa1773f7f8,0xbb4cdb9cbd36b01bd1cbaebf2de08d9173bc095c,0.0,"transfer(address=0x172fcd41e0913e95784454622d1c3724f546f849,uint256=2814050882495007787771)"
277,staticcall,0xfd9267ee6594bd8e82e8030c353870fa1773f7f8,0xbb4cdb9cbd36b01bd1cbaebf2de08d9173bc095c,0.0,balanceOf(address=0xfd9267ee6594bd8e82e8030c353870fa1773f7f8)
278,call,0xfd9267ee6594bd8e82e8030c353870fa1773f7f8,0xbb4cdb9cbd36b01bd1cbaebf2de08d9173bc095c,0.0,withdraw(uint256=311577265691407652863)
279,call,0xbb4cdb9cbd36b01bd1cbaebf2de08d9173bc095c,0xfd9267ee6594bd8e82e8030c353870fa1773f7f8,311.57726569140766,
280,call,0xfd9267ee6594bd8e82e8030c353870fa1773f7f8,0xd3b0d838ccceae7ebf1781d11d1bb741db7fe1a7,0.1,
281,call,0xfd9267ee6594bd8e82e8030c353870fa1773f7f8,0xad2cb8f48e74065a0b884af9c5a4ecbba101be23,311.47726569140764,
282,staticcall,0x172fcd41e0913e95784454622d1c3724f546f849,0x55d398326f99059ff775485246999027b3197955,0.0,balanceOf(address=0x172fcd41e0913e95784454622d1c3724f546f849)
283,staticcall,0x172fcd41e0913e95784454622d1c3724f546f849,0xbb4cdb9cbd36b01bd1cbaebf2de08d9173bc095c,0.0,balanceOf(address=0x172fcd41e0913e95784454622d1c3724f546f849)
